Time(s),Queue Density,Dynamic Density
0.133333,0.0436067,0.0279214
0.2,0.0425142,0.0174996
0.266667,0.0439266,0.0292324
0.333333,0.0467359,0.0289944
0.4,0.048761,0.0174684
0.466667,0.0507197,0.02885
0.533333,0.0503724,0.0312535
