Time(s),Queue Density,Dynamic Density
0.133333,0.0436067,0.00117835
0.2,0.0425142,8.97417e-05
0.266667,0.0439266,0.00211088
0.333333,0.0467359,0.00919658
0.4,0.048761,0.0117367
